{
  "marketing_stripe": {
    "text": "",
    "link": "",
    "background": "#5cbde5",
    "color": "#ffffff"
  },
  "contacts_stripe": {
    "pages": [],
    "phone_wpp": true,
    "socials": true
  },
  "categories_list": {
    "featured": [
      "/religiosos?Religiosidade",
      "/bebe-a-bordo?Bebê a bordo",
      "/debutante?Debutante",
      "/casamento?Casamento",
      "/formatura?Formatura",
      "/empresarial?Empresarial",
      "/datas-comemorativas?Datas Comemorativas",
      "/cotidiano?Cotidiano"
    ],
    "random": 0,
    "full_width": true
  },
  "search_input": true
}